<?xml version="1.0" encoding="UTF-8"?>
<project-private xmlns="http://www.netbeans.org/ns/project-private/1">
    <editor-bookmarks xmlns="http://www.netbeans.org/ns/editor-bookmarks/2" lastBookmarkId="0"/>
    <open-files xmlns="http://www.netbeans.org/ns/projectui-open-files/2">
        <group>
            <file>file:/C:/Users/shafa/Desktop/Project%20Version%201/Project%20version%202/wedding%20planner/src/pageB/ShowfoodController.java</file>
            <file>file:/C:/Users/shafa/Desktop/Project%20Version%201/Project%20version%202/wedding%20planner/src/pageB/ViewUsersController.java</file>
            <file>file:/C:/Users/shafa/Desktop/Project%20Version%201/Project%20version%202/wedding%20planner/src/wedding/planner/RegistrationController.java</file>
            <file>file:/C:/Users/shafa/Desktop/Project%20Version%201/Project%20version%202/wedding%20planner/src/pageB/Login1Controller.java</file>
            <file>file:/C:/Users/shafa/Desktop/Project%20Version%201/Project%20version%202/wedding%20planner/src/pageB/AddVenueController.java</file>
            <file>file:/C:/Users/shafa/Desktop/Project%20Version%201/Project%20version%202/wedding%20planner/src/wedding/planner/FXMLDocumentController.java</file>
            <file>file:/C:/Users/shafa/Desktop/Project%20Version%201/Project%20version%202/wedding%20planner/src/pageB/viewUsers.fxml</file>
        </group>
    </open-files>
</project-private>
